	acc_F	acc_P	acc_C	f1_P	f1_C	f1_F	network
0	0.18835478789853893	0.20155642023346304	0.46019594344615067	0.2441068129073129	0.46294847948153584	0.28140040907249314	y2h
1	0.25883128874818623	0.3035019455252918	0.5376572956619883	0.31458624715120626	0.516487156590627	0.32427054748269946	coip
